,level_0,index,Country Name,Country Code,Series Name,Series Code,Date,Value
0,9,9,Afghanistan,AFG,GDP growth (annual %),NY.GDP.MKTP.KD.ZG,1960 [YR1960],..
1,3355,3355,Afghanistan,AFG,GDP growth (annual %),NY.GDP.MKTP.KD.ZG,1961 [YR1961],..
2,6701,6701,Afghanistan,AFG,GDP growth (annual %),NY.GDP.MKTP.KD.ZG,1962 [YR1962],..
3,10047,10047,Afghanistan,AFG,GDP growth (annual %),NY.GDP.MKTP.KD.ZG,1963 [YR1963],..
4,13393,13393,Afghanistan,AFG,GDP growth (annual %),NY.GDP.MKTP.KD.ZG,1964 [YR1964],..
5,16739,16739,Afghanistan,AFG,GDP growth (annual %),NY.GDP.MKTP.KD.ZG,1965 [YR1965],..
6,20085,20085,Afghanistan,AFG,GDP growth (annual %),NY.GDP.MKTP.KD.ZG,1966 [YR1966],..
7,23431,23431,Afghanistan,AFG,GDP growth (annual %),NY.GDP.MKTP.KD.ZG,1967 [YR1967],..
8,26777,26777,Afghanistan,AFG,GDP growth (annual %),NY.GDP.MKTP.KD.ZG,1968 [YR1968],..
9,30123,30123,Afghanistan,AFG,GDP growth (annual %),NY.GDP.MKTP.KD.ZG,1969 [YR1969],..
10,33469,33469,Afghanistan,AFG,GDP growth (annual %),NY.GDP.MKTP.KD.ZG,1970 [YR1970],..
11,36815,36815,Afghanistan,AFG,GDP growth (annual %),NY.GDP.MKTP.KD.ZG,1971 [YR1971],..
12,40161,40161,Afghanistan,AFG,GDP growth (annual %),NY.GDP.MKTP.KD.ZG,1972 [YR1972],..
13,43507,43507,Afghanistan,AFG,GDP growth (annual %),NY.GDP.MKTP.KD.ZG,1973 [YR1973],..
14,46853,46853,Afghanistan,AFG,GDP growth (annual %),NY.GDP.MKTP.KD.ZG,1974 [YR1974],..
15,50199,50199,Afghanistan,AFG,GDP growth (annual %),NY.GDP.MKTP.KD.ZG,1975 [YR1975],..
16,53545,53545,Afghanistan,AFG,GDP growth (annual %),NY.GDP.MKTP.KD.ZG,1976 [YR1976],..
17,56891,56891,Afghanistan,AFG,GDP growth (annual %),NY.GDP.MKTP.KD.ZG,1977 [YR1977],..
18,60237,60237,Afghanistan,AFG,GDP growth (annual %),NY.GDP.MKTP.KD.ZG,1978 [YR1978],..
19,63583,63583,Afghanistan,AFG,GDP growth (annual %),NY.GDP.MKTP.KD.ZG,1979 [YR1979],..
20,66929,66929,Afghanistan,AFG,GDP growth (annual %),NY.GDP.MKTP.KD.ZG,1980 [YR1980],..
21,70275,70275,Afghanistan,AFG,GDP growth (annual %),NY.GDP.MKTP.KD.ZG,1981 [YR1981],..
22,73621,73621,Afghanistan,AFG,GDP growth (annual %),NY.GDP.MKTP.KD.ZG,1982 [YR1982],..
23,76967,76967,Afghanistan,AFG,GDP growth (annual %),NY.GDP.MKTP.KD.ZG,1983 [YR1983],..
24,80313,80313,Afghanistan,AFG,GDP growth (annual %),NY.GDP.MKTP.KD.ZG,1984 [YR1984],..
25,83659,83659,Afghanistan,AFG,GDP growth (annual %),NY.GDP.MKTP.KD.ZG,1985 [YR1985],..
26,87005,87005,Afghanistan,AFG,GDP growth (annual %),NY.GDP.MKTP.KD.ZG,1986 [YR1986],..
27,90351,90351,Afghanistan,AFG,GDP growth (annual %),NY.GDP.MKTP.KD.ZG,1987 [YR1987],..
28,93697,93697,Afghanistan,AFG,GDP growth (annual %),NY.GDP.MKTP.KD.ZG,1988 [YR1988],..
29,97043,97043,Afghanistan,AFG,GDP growth (annual %),NY.GDP.MKTP.KD.ZG,1989 [YR1989],..
30,100389,100389,Afghanistan,AFG,GDP growth (annual %),NY.GDP.MKTP.KD.ZG,1990 [YR1990],..
31,103735,103735,Afghanistan,AFG,GDP growth (annual %),NY.GDP.MKTP.KD.ZG,1991 [YR1991],..
32,107081,107081,Afghanistan,AFG,GDP growth (annual %),NY.GDP.MKTP.KD.ZG,1992 [YR1992],..
33,110427,110427,Afghanistan,AFG,GDP growth (annual %),NY.GDP.MKTP.KD.ZG,1993 [YR1993],..
34,113773,113773,Afghanistan,AFG,GDP growth (annual %),NY.GDP.MKTP.KD.ZG,1994 [YR1994],..
35,117119,117119,Afghanistan,AFG,GDP growth (annual %),NY.GDP.MKTP.KD.ZG,1995 [YR1995],..
36,120465,120465,Afghanistan,AFG,GDP growth (annual %),NY.GDP.MKTP.KD.ZG,1996 [YR1996],..
37,123811,123811,Afghanistan,AFG,GDP growth (annual %),NY.GDP.MKTP.KD.ZG,1997 [YR1997],..
38,127157,127157,Afghanistan,AFG,GDP growth (annual %),NY.GDP.MKTP.KD.ZG,1998 [YR1998],..
39,130503,130503,Afghanistan,AFG,GDP growth (annual %),NY.GDP.MKTP.KD.ZG,1999 [YR1999],..
40,133849,133849,Afghanistan,AFG,GDP growth (annual %),NY.GDP.MKTP.KD.ZG,2000 [YR2000],..
41,137195,137195,Afghanistan,AFG,GDP growth (annual %),NY.GDP.MKTP.KD.ZG,2001 [YR2001],..
42,140541,140541,Afghanistan,AFG,GDP growth (annual %),NY.GDP.MKTP.KD.ZG,2002 [YR2002],..
43,143887,143887,Afghanistan,AFG,GDP growth (annual %),NY.GDP.MKTP.KD.ZG,2003 [YR2003],8.8322778126357
44,147233,147233,Afghanistan,AFG,GDP growth (annual %),NY.GDP.MKTP.KD.ZG,2004 [YR2004],1.41411798058977
45,150579,150579,Afghanistan,AFG,GDP growth (annual %),NY.GDP.MKTP.KD.ZG,2005 [YR2005],11.2297148236429
46,153925,153925,Afghanistan,AFG,GDP growth (annual %),NY.GDP.MKTP.KD.ZG,2006 [YR2006],5.35740325126363
47,157271,157271,Afghanistan,AFG,GDP growth (annual %),NY.GDP.MKTP.KD.ZG,2007 [YR2007],13.8263195479762
48,160617,160617,Afghanistan,AFG,GDP growth (annual %),NY.GDP.MKTP.KD.ZG,2008 [YR2008],3.92498382161577
49,163963,163963,Afghanistan,AFG,GDP growth (annual %),NY.GDP.MKTP.KD.ZG,2009 [YR2009],21.3905283931067
50,167309,167309,Afghanistan,AFG,GDP growth (annual %),NY.GDP.MKTP.KD.ZG,2010 [YR2010],14.3624414692682
51,170655,170655,Afghanistan,AFG,GDP growth (annual %),NY.GDP.MKTP.KD.ZG,2011 [YR2011],0.426354784529352
52,174001,174001,Afghanistan,AFG,GDP growth (annual %),NY.GDP.MKTP.KD.ZG,2012 [YR2012],12.7522870887165
53,177347,177347,Afghanistan,AFG,GDP growth (annual %),NY.GDP.MKTP.KD.ZG,2013 [YR2013],5.60074465808174
54,180693,180693,Afghanistan,AFG,GDP growth (annual %),NY.GDP.MKTP.KD.ZG,2014 [YR2014],2.72454336394887
55,184039,184039,Afghanistan,AFG,GDP growth (annual %),NY.GDP.MKTP.KD.ZG,2015 [YR2015],1.45131466009762
56,187385,187385,Afghanistan,AFG,GDP growth (annual %),NY.GDP.MKTP.KD.ZG,2016 [YR2016],2.26031420130457
57,190731,190731,Afghanistan,AFG,GDP growth (annual %),NY.GDP.MKTP.KD.ZG,2017 [YR2017],2.6470032019574
58,194077,194077,Afghanistan,AFG,GDP growth (annual %),NY.GDP.MKTP.KD.ZG,2018 [YR2018],1.18922812838036
59,197423,197423,Afghanistan,AFG,GDP growth (annual %),NY.GDP.MKTP.KD.ZG,2019 [YR2019],3.91160341942292
60,200769,200769,Afghanistan,AFG,GDP growth (annual %),NY.GDP.MKTP.KD.ZG,2020 [YR2020],-2.3511006734461
61,204115,204115,Afghanistan,AFG,GDP growth (annual %),NY.GDP.MKTP.KD.ZG,2021 [YR2021],-20.7388393676343
62,207461,207461,Afghanistan,AFG,GDP growth (annual %),NY.GDP.MKTP.KD.ZG,2022 [YR2022],..
63,210807,210807,Afghanistan,AFG,GDP growth (annual %),NY.GDP.MKTP.KD.ZG,2023 [YR2023],..
